the_geom,OBJECTID,PLACENAME,PLACETYPE,ADDRESS,CITY,ZIP,SOURCE,UNIQUEID,SYMBOLOGYQUERY,LATITUDE,LONGITUDE,LASTUPDATE,EDITOR,NOTES,POICatagory
POINT (-121.828002162912 37.345196851585),78,Cassell Park,Park,,,,ESRI,832010POS,<Null>,37.345191900000003,-121.82798909,09/14/2011 12:00:00 AM +0000,ISD - GIS,Not Determined,Leisure
POINT (-121.873064022903 37.420063317865),249,Sinnott Park,Park,,,,ESRI,2542010POS,<Null>,37.420058359999999,-121.87305093000001,09/14/2011 12:00:00 AM +0000,ISD - GIS,Not Determined,Leisure
POINT (-122.104863393974 37.45368249451),68,Byxbee Recreation Area,Park,,,,ESRI,732010POS,<Null>,37.453677550000002,-122.10485026000001,09/14/2011 12:00:00 AM +0000,ISD - GIS,Not Determined,Leisure
POINT (-121.874158389001 37.388247917102),117,Flickering Park,Park,,,,ESRI,1222010POS,<Null>,37.38824297,-121.8741453,09/14/2011 12:00:00 AM +0000,ISD - GIS,Not Determined,Leisure
POINT (-122.021309894264 37.31905488645),284,Wilson Park,Park,,,,ESRI,2892010POS,<Null>,37.31904995,-122.02129678999999,09/14/2011 12:00:00 AM +0000,ISD - GIS,Not Determined,Leisure
POINT (-122.150716597842 37.424289417987),72,Cameron Park,Park,,,,ESRI,772010POS,<Null>,37.424284479999997,-122.15070346,09/14/2011 12:00:00 AM +0000,ISD - GIS,Not Determined,Leisure
POINT (-121.955244595421 37.233326441718),54,Blossom Hill Park,Park,,,,ESRI,592010POS,<Null>,37.233321510000003,-121.95523151,09/14/2011 12:00:00 AM +0000,ISD - GIS,Not Determined,Leisure
POINT (-121.812522507207 37.233184270317),157,La Colina Park,Park,,,,ESRI,1622010POS,<Null>,37.233179329999999,-121.81250944999999,09/14/2011 12:00:00 AM +0000,ISD - GIS,Not Determined,Leisure
POINT (-121.825344401151 37.339302107599),146,Hillview Park,Park,,,,ESRI,1512010POS,<Null>,37.339297160000001,-121.82533132,09/14/2011 12:00:00 AM +0000,ISD - GIS,Not Determined,Leisure
POINT (-121.973767226712 37.358445345041),58,Bowers Park,Park,,,,ESRI,632010POS,<Null>,37.358440399999999,-121.97375413,09/14/2011 12:00:00 AM +0000,ISD - GIS,Not Determined,Leisure
POINT (-121.979494629108 37.296706528993),140,Hathway Park,Park,,,,ESRI,1452010POS,<Null>,37.296701589999998,-121.97948153,09/14/2011 12:00:00 AM +0000,ISD - GIS,Not Determined,Leisure
POINT (-121.858561580051 37.357299405207),220,Plato Arroyo Park,Park,,,,ESRI,2252010POS,<Null>,37.357294459999999,-121.8585485,09/14/2011 12:00:00 AM +0000,ISD - GIS,Not Determined,Leisure
POINT (-121.906316645427 37.343054435944),98,Demonstration Orchard,Park,,,,ESRI,1032010POS,<Null>,37.343049489999999,-121.90630356,09/14/2011 12:00:00 AM +0000,ISD - GIS,Not Determined,Leisure
POINT (-121.844588344549 37.26887973488),213,Parkview Park Two,Park,,,,ESRI,2182010POS,<Null>,37.268874789999998,-121.84457527000001,09/14/2011 12:00:00 AM +0000,ISD - GIS,Not Determined,Leisure
POINT (-122.004280045831 37.270737682187),122,Gardiner Park,Park,,,,ESRI,1272010POS,<Null>,37.270732750000001,-122.00426695,09/14/2011 12:00:00 AM +0000,ISD - GIS,Not Determined,Leisure
POINT (-121.85157699152 37.236328233498),118,Foothill Park,Park,,,,ESRI,1232010POS,<Null>,37.236323290000001,-121.85156392,09/14/2011 12:00:00 AM +0000,ISD - GIS,Not Determined,Leisure
POINT (-122.018601665993 37.347750459125),210,Panama Park,Park,,,,ESRI,2152010POS,<Null>,37.347745519999997,-122.01858856,09/14/2011 12:00:00 AM +0000,ISD - GIS,Not Determined,Leisure
POINT (-121.951733262959 37.265418019258),19,Los Gatos Creek County Park,Park,,,,SCCPRD,192011POS,<Null>,37.265413080000002,-121.95172018,09/14/2011 12:00:00 AM +0000,ISD - GIS,YES,Leisure
POINT (-122.035591322516 37.258314994932),281,Wildwood Park,Park,,,,ESRI,2862010POS,<Null>,37.25831007,-122.03557822,09/14/2011 12:00:00 AM +0000,ISD - GIS,Not Determined,Leisure
POINT (-121.820223491172 37.264327428879),106,Edenvale Garden Park,Park,,,,ESRI,1112010POS,<Null>,37.264322479999997,-121.82021042,09/14/2011 12:00:00 AM +0000,ISD - GIS,Not Determined,Leisure
POINT (-122.015236901099 37.3164495776),91,Creekside Park,Park,,,,ESRI,962010POS,<Null>,37.31644464,-122.0152238,09/14/2011 12:00:00 AM +0000,ISD - GIS,Not Determined,Leisure
POINT (-121.908508694165 37.343109280796),132,Guadalupe Gardens,Park,,,,ESRI,1372010POS,<Null>,37.343104339999996,-121.90849559999999,09/14/2011 12:00:00 AM +0000,ISD - GIS,Not Determined,Leisure
POINT (-122.074406492157 37.404236166293),239,San Veron Park,Park,,,,ESRI,2442010POS,<Null>,37.404231230000001,-122.07439337,09/14/2011 12:00:00 AM +0000,ISD - GIS,Not Determined,Leisure
POINT (-121.895309728725 37.446011792102),270,Walter Reuther Park,Park,,,,ESRI,2752010POS,<Null>,37.446006840000003,-121.89529663,09/14/2011 12:00:00 AM +0000,ISD - GIS,Not Determined,Leisure
POINT (-122.023659391669 37.288882231451),47,Azule Park,Park,,,,ESRI,522010POS,<Null>,37.288877300000003,-122.02364629,09/14/2011 12:00:00 AM +0000,ISD - GIS,Not Determined,Leisure
POINT (-122.115162610537 37.459265654936),32,Palo Alto Baylands Preserve,Park,,,,PA Baylands,322004POS,<Null>,37.459260720000003,-122.11514948,09/14/2011 12:00:00 AM +0000,ISD - GIS,Yes,Leisure
POINT (-121.990802316237 37.345851399807),105,Earl J Carmichael Park,Park,,,,ESRI,1102010POS,<Null>,37.345846459999997,-121.99078921,09/14/2011 12:00:00 AM +0000,ISD - GIS,Not Determined,Leisure
POINT (-122.118272786307 37.376884856536),165,Lincoln Park,Park,,,,ESRI,1702010POS,<Null>,37.37687992,-122.11825966000001,09/14/2011 12:00:00 AM +0000,ISD - GIS,Not Determined,Leisure
POINT (-121.875659766095 37.426621239464),198,Murphy Park,Park,,,,ESRI,2032010POS,<Null>,37.426616289999998,-121.87564666999999,09/14/2011 12:00:00 AM +0000,ISD - GIS,Not Determined,Leisure
POINT (-122.073089094084 37.368472056016),88,Cooper Park,Park,,,,ESRI,932010POS,<Null>,37.368467119999998,-122.07307598,09/14/2011 12:00:00 AM +0000,ISD - GIS,Not Determined,Leisure
POINT (-121.975387376385 37.279484046316),238,San Tomas Park,Park,,,,ESRI,2432010POS,<Null>,37.279479109999997,-121.97537428,09/14/2011 12:00:00 AM +0000,ISD - GIS,Not Determined,Leisure
POINT (-121.873003348291 37.345998995345),234,Roosevelt Park,Park,,,,ESRI,2392010POS,<Null>,37.345994050000002,-121.87299025999999,09/14/2011 12:00:00 AM +0000,ISD - GIS,Not Determined,Leisure
POINT (-121.907500591453 37.408778728807),218,Pinewood Park,Park,,,,ESRI,2232010POS,<Null>,37.408773779999997,-121.9074875,09/14/2011 12:00:00 AM +0000,ISD - GIS,Not Determined,Leisure
POINT (-121.879009427146 37.236849610308),133,Guadalupe Oak Grove Park,Park,,,,ESRI,1382010POS,<Null>,37.236844670000004,-121.87899634999999,09/14/2011 12:00:00 AM +0000,ISD - GIS,Not Determined,Leisure
POINT (-121.968643405234 37.336565062296),173,Mary Gomez Park,Park,,,,ESRI,1782010POS,<Null>,37.336560120000001,-121.96863030999999,09/14/2011 12:00:00 AM +0000,ISD - GIS,Not Determined,Leisure
POINT (-121.88091238514 37.407183558275),202,Northwood Park,Park,,,,ESRI,2072010POS,<Null>,37.407178610000003,-121.88089929,09/14/2011 12:00:00 AM +0000,ISD - GIS,Not Determined,Leisure
POINT (-122.031167786887 37.241228641798),2,Villa Montalvo County Park,Park,,,,SCCPRD,22011POS,<Null>,37.24122371,-122.03115468999999,09/14/2011 12:00:00 AM +0000,ISD - GIS,YES,Leisure
POINT (-121.833133035447 37.351554241777),75,Capitol Park,Park,,,,ESRI,802010POS,<Null>,37.351549290000001,-121.83311996,09/14/2011 12:00:00 AM +0000,ISD - GIS,Not Determined,Leisure
POINT (-121.987965989874 37.359402592024),170,Machado Park,Park,,,,ESRI,1752010POS,<Null>,37.359397649999998,-121.98795289,09/14/2011 12:00:00 AM +0000,ISD - GIS,Not Determined,Leisure
POINT (-122.135105360464 37.421295314478),56,Boulware Park,Park,,,,ESRI,612010POS,<Null>,37.421290380000002,-122.13509223,09/14/2011 12:00:00 AM +0000,ISD - GIS,Not Determined,Leisure
POINT (-122.126952542761 37.407333060762),63,Briones Park,Park,,,,ESRI,682010POS,<Null>,37.407328130000003,-122.12693941000001,09/14/2011 12:00:00 AM +0000,ISD - GIS,Not Determined,Leisure
POINT (-121.889804212246 37.23300701219),258,T J Martin Park,Park,,,,ESRI,2632010POS,<Null>,37.233002079999999,-121.88979114,09/14/2011 12:00:00 AM +0000,ISD - GIS,Not Determined,Leisure
POINT (-122.125988183427 37.401437754726),260,Terman Park,Park,,,,ESRI,2652010POS,<Null>,37.401432819999997,-122.12597504999999,09/14/2011 12:00:00 AM +0000,ISD - GIS,Not Determined,Leisure
POINT (-122.086215531034 37.389147168905),104,Eagle Park,Park,,,,ESRI,1092010POS,<Null>,37.389142229999997,-122.08620241,09/14/2011 12:00:00 AM +0000,ISD - GIS,Not Determined,Leisure
POINT (-121.81822519064 37.281402425993),182,Melody Park,Park,,,,ESRI,1872010POS,<Null>,37.281397480000003,-121.81821212,09/14/2011 12:00:00 AM +0000,ISD - GIS,Not Determined,Leisure
POINT (-121.832998340877 37.285704913436),251,Solari Park,Park,,,,ESRI,2562010POS,<Null>,37.285699970000003,-121.83298526999999,09/14/2011 12:00:00 AM +0000,ISD - GIS,Not Determined,Leisure
POINT (-122.114897509912 37.421073244345),187,Mitchell Park,Park,,,,ESRI,1922010POS,<Null>,37.421068310000003,-122.11488438000001,09/14/2011 12:00:00 AM +0000,ISD - GIS,Not Determined,Leisure
POINT (-121.696330319254 37.076735942515),15,Uvas Reservoir County Park,Park,,,,SCCPRD,152011POS,<Null>,37.076731010000003,-121.69631729,09/14/2011 12:00:00 AM +0000,ISD - GIS,YES,Leisure
POINT (-121.850977382029 37.220713552486),128,Graystone Park,Park,,,,ESRI,1332010POS,<Null>,37.220708610000003,-121.85096430999999,09/14/2011 12:00:00 AM +0000,ISD - GIS,Not Determined,Leisure
POINT (-121.868361902952 37.335635777598),282,William Street Park,Park,,,,ESRI,2872010POS,<Null>,37.335630829999999,-121.86834881999999,09/14/2011 12:00:00 AM +0000,ISD - GIS,Not Determined,Leisure
POINT (-121.870527375269 37.269945225452),261,Terrell Park,Park,,,,ESRI,2662010POS,<Null>,37.26994028,-121.8705143,09/14/2011 12:00:00 AM +0000,ISD - GIS,Not Determined,Leisure
POINT (-121.798507772251 37.078948673687),14,Uvas Canyon County Park,Park,,,,SCCPRD,142011POS,<Null>,37.07894374,-121.79849473,09/14/2011 12:00:00 AM +0000,ISD - GIS,YES,Leisure
POINT (-121.989952391357 37.317031855254),186,Mise Park,Park,,,,ESRI,1912010POS,<Null>,37.317026920000004,-121.98993929,09/14/2011 12:00:00 AM +0000,ISD - GIS,Not Determined,Leisure
POINT (-122.042130778656 37.251279550845),136,Hakone Park,Park,,,,ESRI,1412010POS,<Null>,37.251274619999997,-122.04211768,09/14/2011 12:00:00 AM +0000,ISD - GIS,Not Determined,Leisure
POINT (-122.083596025867 37.380887242545),126,Graham School Park,Park,,,,ESRI,1312010POS,<Null>,37.380882309999997,-122.08358291,09/14/2011 12:00:00 AM +0000,ISD - GIS,Not Determined,Leisure
POINT (-122.140038543249 37.28540254063),13,Upper Stevens Creek County Park,Park,,,,SCCPRD,132011POS,<Null>,37.285397619999998,-122.14002542999999,09/14/2011 12:00:00 AM +0000,ISD - GIS,YES,Leisure
POINT (-121.87218609258 37.380934047394),266,Vinci Park,Park,,,,ESRI,2712010POS,<Null>,37.380929100000003,-121.872173,09/14/2011 12:00:00 AM +0000,ISD - GIS,Not Determined,Leisure
POINT (-122.147490493952 37.440502462192),59,Bowling Green Park,Park,,,,ESRI,642010POS,<Null>,37.440497530000002,-122.14747736,09/14/2011 12:00:00 AM +0000,ISD - GIS,Not Determined,Leisure
POINT (-121.998847528942 37.281762923419),108,El Quito Park,Park,,,,ESRI,1132010POS,<Null>,37.281757990000003,-121.99883443,09/14/2011 12:00:00 AM +0000,ISD - GIS,Not Determined,Leisure
POINT (-122.01954074041 37.36382990194),61,Braly Park,Park,,,,ESRI,662010POS,<Null>,37.363824960000002,-122.01952763,09/14/2011 12:00:00 AM +0000,ISD - GIS,Not Determined,Leisure
POINT (-121.809115162867 37.333795669103),159,Lake Cunningham Park,Park,,,,ESRI,1642010POS,<Null>,37.333790720000003,-121.80910209,09/14/2011 12:00:00 AM +0000,ISD - GIS,Not Determined,Leisure
POINT (-122.086581331207 37.358612834675),143,Heritage Oaks Park,Park,,,,ESRI,1482010POS,<Null>,37.358607900000003,-122.08656821,09/14/2011 12:00:00 AM +0000,ISD - GIS,Not Determined,Leisure
POINT (-121.604963598786 37.136879042941),151,Jackson Oaks Park,Park,,,,ESRI,1562010POS,<Null>,37.136874089999999,-121.60495057999999,09/14/2011 12:00:00 AM +0000,ISD - GIS,Not Determined,Leisure
POINT (-121.852175598572 37.271608693328),181,Meadows Park,Park,,,,ESRI,1862010POS,<Null>,37.271603749999997,-121.85216253,09/14/2011 12:00:00 AM +0000,ISD - GIS,Not Determined,Leisure
POINT (-122.054766800165 37.358005605999),97,Del Anza Park,Park,,,,ESRI,1022010POS,<Null>,37.358000670000003,-122.05475369,09/14/2011 12:00:00 AM +0000,ISD - GIS,Not Determined,Leisure
POINT (-121.838975184703 37.385407768361),83,Cimarron Park,Park,,,,ESRI,882010POS,<Null>,37.385402820000003,-121.8389621,09/14/2011 12:00:00 AM +0000,ISD - GIS,Not Determined,Leisure
POINT (-121.796024504567 37.347434262022),116,Fernish Park,Park,,,,ESRI,1212010POS,<Null>,37.347429310000003,-121.79601142999999,09/14/2011 12:00:00 AM +0000,ISD - GIS,Not Determined,Leisure
POINT (-121.850361877405 37.263017603195),267,Vista Park,Park,,,,ESRI,2722010POS,<Null>,37.263012660000001,-121.85034881,09/14/2011 12:00:00 AM +0000,ISD - GIS,Not Determined,Leisure
POINT (-121.824314124737 37.256160940385),90,Coy Park,Park,,,,ESRI,952010POS,<Null>,37.256155999999997,-121.82430106,09/14/2011 12:00:00 AM +0000,ISD - GIS,Not Determined,Leisure
POINT (-121.80204414396 37.306408010786),287,Boggini Park,Park,,,,ESRI,2922010POS,<Null>,37.306403060000001,-121.80203107,09/14/2011 12:00:00 AM +0000,ISD - GIS,Not Determined,Leisure
POINT (-121.701972385609 37.356843944633),3,Joseph D. Grant County Park,Park,,,,SCCPRD,32011POS,<Null>,37.356838979999999,-121.70195932999999,09/14/2011 12:00:00 AM +0000,ISD - GIS,YES,Leisure
POINT (-121.563209405378 37.012664847881),240,San Ysidro Park,Park,,,,ESRI,2452010POS,<Null>,37.012659910000004,-121.5631964,09/14/2011 12:00:00 AM +0000,ISD - GIS,Not Determined,Leisure
POINT (-121.964187092891 37.345033594494),255,Steve Carli Park,Park,,,,ESRI,2602010POS,<Null>,37.345028650000003,-121.96417399000001,09/14/2011 12:00:00 AM +0000,ISD - GIS,Not Determined,Leisure
POINT (-121.817993378173 37.247337730722),185,Miner Park,Park,,,,ESRI,1902010POS,<Null>,37.247332790000002,-121.81798031,09/14/2011 12:00:00 AM +0000,ISD - GIS,Not Determined,Leisure
POINT (-121.790829586163 37.32807529949),203,Norwood Creek Park,Park,,,,ESRI,2082010POS,<Null>,37.328070349999997,-121.79081652000001,09/14/2011 12:00:00 AM +0000,ISD - GIS,Not Determined,Leisure
POINT (-122.138818948374 37.410003450438),55,Bol Park,Park,,,,ESRI,602010POS,<Null>,37.409998520000002,-122.13880582,09/14/2011 12:00:00 AM +0000,ISD - GIS,Not Determined,Leisure
POINT (-122.163261676262 37.449410209241),154,Johnson Park,Park,,,,ESRI,1592010POS,<Null>,37.44940527,-122.16324854,09/14/2011 12:00:00 AM +0000,ISD - GIS,Not Determined,Leisure
POINT (-122.000191690047 37.397441494498),160,Lakewood Park,Park,,,,ESRI,1652010POS,<Null>,37.397436550000002,-122.00017858,09/14/2011 12:00:00 AM +0000,ISD - GIS,Not Determined,Leisure
POINT (-122.088516775033 37.385552187262),178,McKelvey Park,Park,,,,ESRI,1832010POS,<Null>,37.385547250000002,-122.08850365000001,09/14/2011 12:00:00 AM +0000,ISD - GIS,Not Determined,Leisure
POINT (-122.013384655652 37.280366595283),87,Congress Springs Park,Park,,,,ESRI,922010POS,<Null>,37.280361659999997,-122.01337156,09/14/2011 12:00:00 AM +0000,ISD - GIS,Not Determined,Leisure
POINT (-122.137744878781 37.39050900678),113,Esther Clark Park,Park,,,,ESRI,1182010POS,<Null>,37.390504069999999,-122.13773175,09/14/2011 12:00:00 AM +0000,ISD - GIS,Not Determined,Leisure
POINT (-121.96497922698 37.307566264933),253,Starbird Park,Park,,,,ESRI,2582010POS,<Null>,37.307561329999999,-121.96496612999999,09/14/2011 12:00:00 AM +0000,ISD - GIS,Not Determined,Leisure
POINT (-122.169343996103 37.430043087513),262,The Oval Park,Park,,,,ESRI,2672010POS,<Null>,37.430038150000001,-122.16933086,09/14/2011 12:00:00 AM +0000,ISD - GIS,Not Determined,Leisure
POINT (-122.056659578512 37.349074079348),237,San Antonio Park,Park,,,,ESRI,2422010POS,<Null>,37.349069139999997,-122.05664647,09/14/2011 12:00:00 AM +0000,ISD - GIS,Not Determined,Leisure
POINT (-121.698882929307 37.117184069502),8,Chesbro Reservoir County Park,Park,,,,SCCPRD,82011POS,<Null>,37.117179129999997,-121.69886990000001,09/14/2011 12:00:00 AM +0000,ISD - GIS,YES,Leisure
POINT (-121.977372407738 37.197070752239),23,Lexington Reservoir County Park,Park,,,,SCCPRD,232011POS,<Null>,37.197065819999999,-121.97735932000001,09/14/2011 12:00:00 AM +0000,ISD - GIS,YES,Leisure
POINT (-121.865507584823 37.262470612281),112,Erikson Park,Park,,,,ESRI,1172010POS,<Null>,37.262465669999997,-121.86549451,09/14/2011 12:00:00 AM +0000,ISD - GIS,Not Determined,Leisure
POINT (-121.60908681582 37.167439646504),17,Anderson Lake County Park,Park,,,,SCCPRD,172011POS,<Null>,37.167434700000001,-121.60907379,09/14/2011 12:00:00 AM +0000,ISD - GIS,YES,Leisure
POINT (-122.083361311547 37.378005133746),66,Bubb Park,Park,,,,ESRI,712010POS,<Null>,37.378000200000002,-122.08334819,09/14/2011 12:00:00 AM +0000,ISD - GIS,Not Determined,Leisure
POINT (-121.941947587619 37.304256503835),138,Hamann Park,Park,,,,ESRI,1432010POS,<Null>,37.304251559999997,-121.9419345,09/14/2011 12:00:00 AM +0000,ISD - GIS,Not Determined,Leisure
POINT (-121.813259180084 37.316758090877),180,Meadow Park,Park,,,,ESRI,1852010POS,<Null>,37.316753140000003,-121.81324610999999,09/14/2011 12:00:00 AM +0000,ISD - GIS,Not Determined,Leisure
POINT (-121.727472883815 37.232199265923),20,Motorcycle County Park,Park,,,,SCCPRD,202011POS,<Null>,37.232194319999998,-121.72745983,09/14/2011 12:00:00 AM +0000,ISD - GIS,YES,Leisure
POINT (-121.846615330654 37.272710947837),211,Parkview Park One,Park,,,,ESRI,2162010POS,<Null>,37.272705999999999,-121.84660226,09/14/2011 12:00:00 AM +0000,ISD - GIS,Not Determined,Leisure
POINT (-121.916813650842 37.273794611749),101,Doerr Park,Park,,,,ESRI,1062010POS,<Null>,37.273789669999999,-121.91680057000001,09/14/2011 12:00:00 AM +0000,ISD - GIS,Not Determined,Leisure
POINT (-122.10009803597 37.408885020477),189,Monta Loma Park,Park,,,,ESRI,1942010POS,<Null>,37.408880080000003,-122.10008491000001,09/14/2011 12:00:00 AM +0000,ISD - GIS,Not Determined,Leisure
POINT (-121.891158868491 37.338912286245),236,Saint James Park,Park,,,,ESRI,2412010POS,<Null>,37.338907339999999,-121.89114578,09/14/2011 12:00:00 AM +0000,ISD - GIS,Not Determined,Leisure
POINT (-121.802587279176 37.277479122992),25,Coyote Creek Parkway County Park - North,Park,,,,SCCPRD,252011POS,<Null>,37.277474179999999,-121.80257421,09/14/2011 12:00:00 AM +0000,ISD - GIS,YES,Leisure
POINT (-122.06822886265 37.400825636665),279,Whisman School Park,Park,,,,ESRI,2842010POS,<Null>,37.400820699999997,-122.06821574,09/14/2011 12:00:00 AM +0000,ISD - GIS,Not Determined,Leisure
POINT (-122.091774063288 37.358581679131),179,McKenzie Park,Park,,,,ESRI,1842010POS,<Null>,37.358576749999997,-122.09176094,09/14/2011 12:00:00 AM +0000,ISD - GIS,Not Determined,Leisure
POINT (-121.996130495474 37.301644964358),242,Saratoga Creek Park,Park,,,,ESRI,2472010POS,<Null>,37.301640030000002,-121.9961174,09/14/2011 12:00:00 AM +0000,ISD - GIS,Not Determined,Leisure
POINT (-121.451271869606 37.154006480314),142,Henry Coe State Park,Park,,,,ESRI,1472010POS,<Null>,37.154001520000001,-121.45125887,09/14/2011 12:00:00 AM +0000,ISD - GIS,Not Determined,Leisure
POINT (-122.152289647524 37.419031050981),275,Weissharr Park,Park,,,,ESRI,2802010POS,<Null>,37.419026119999998,-122.15227650999999,09/14/2011 12:00:00 AM +0000,ISD - GIS,Not Determined,Leisure
POINT (-121.809614213143 37.298867989194),102,Dove Hill Park,Park,,,,ESRI,1072010POS,<Null>,37.298863040000001,-121.80960114,09/14/2011 12:00:00 AM +0000,ISD - GIS,Not Determined,Leisure
POINT (-121.879920650621 37.232562853644),125,Golden Oaks Park,Park,,,,ESRI,1302010POS,<Null>,37.232557919999998,-121.87990757999999,09/14/2011 12:00:00 AM +0000,ISD - GIS,Not Determined,Leisure
POINT (-121.773368666153 37.21552862782),22,Santa Teresa County Park,Park,,,,SCCPRD,222011POS,<Null>,37.215523679999997,-121.77335561,09/14/2011 12:00:00 AM +0000,ISD - GIS,YES,Leisure
POINT (-121.805543796686 37.26801479857),129,Great Oaks Park,Park,,,,ESRI,1342010POS,<Null>,37.268009849999999,-121.80553073,09/14/2011 12:00:00 AM +0000,ISD - GIS,Not Determined,Leisure
POINT (-122.084763266544 37.409957484981),93,Crittenden School Park,Park,,,,ESRI,982010POS,<Null>,37.40995255,-122.08475014,09/14/2011 12:00:00 AM +0000,ISD - GIS,Not Determined,Leisure
POINT (-122.141115138228 37.42961769357),57,Bowden Park,Park,,,,ESRI,622010POS,<Null>,37.429612759999998,-122.141102,09/14/2011 12:00:00 AM +0000,ISD - GIS,Not Determined,Leisure
POINT (-122.096525456701 37.400888256676),229,Rengstorff Park,Park,,,,ESRI,2342010POS,<Null>,37.400883319999998,-122.09651233,09/14/2011 12:00:00 AM +0000,ISD - GIS,Not Determined,Leisure
POINT (-121.859745035384 37.409970608699),52,Berryessa Creek Park,Park,,,,ESRI,572010POS,<Null>,37.409965659999997,-121.85973195,09/14/2011 12:00:00 AM +0000,ISD - GIS,Not Determined,Leisure
POINT (-121.657003364847 37.030503903799),9,Chitactac-Adams County Park,Park,,,,SCCPRD,92011POS,<Null>,37.030498969999996,-121.65699035,09/14/2011 12:00:00 AM +0000,ISD - GIS,YES,Leisure
POINT (-121.835609919822 37.240140916265),86,Comanche Park,Park,,,,ESRI,912010POS,<Null>,37.240135979999998,-121.83559685,09/14/2011 12:00:00 AM +0000,ISD - GIS,Not Determined,Leisure
POINT (-122.147253984295 37.431918192594),216,Peers Park,Park,,,,ESRI,2212010POS,<Null>,37.431913260000002,-122.14724085,09/14/2011 12:00:00 AM +0000,ISD - GIS,Not Determined,Leisure
POINT (-121.915858814403 37.452469364392),99,Dixon Landing Park,Park,,,,ESRI,1042010POS,<Null>,37.452464409999997,-121.91584571,09/14/2011 12:00:00 AM +0000,ISD - GIS,Not Determined,Leisure
POINT (-121.895666263584 37.355582259659),51,Bernal Park,Park,,,,ESRI,562010POS,<Null>,37.355577310000001,-121.89565318,09/14/2011 12:00:00 AM +0000,ISD - GIS,Not Determined,Leisure
POINT (-121.903173746518 37.457061041408),42,Albert Augustine Park,Park,,,,ESRI,472010POS,<Null>,37.457056090000002,-121.90316065,09/14/2011 12:00:00 AM +0000,ISD - GIS,Not Determined,Leisure
POINT (-121.928615034374 37.331781245027),196,Municipal Rose Garden,Park,,,,ESRI,2012010POS,<Null>,37.331776300000001,-121.92860193999999,09/14/2011 12:00:00 AM +0000,ISD - GIS,Not Determined,Leisure
POINT (-121.961889213626 37.392868640492),41,Agnew Park,Park,,,,ESRI,462010POS,<Null>,37.392863699999999,-121.96187611000001,09/14/2011 12:00:00 AM +0000,ISD - GIS,Not Determined,Leisure
POINT (-121.94310294357 37.256450356015),149,Houge Park,Park,,,,ESRI,1542010POS,<Null>,37.256445419999999,-121.94308986,09/14/2011 12:00:00 AM +0000,ISD - GIS,Not Determined,Leisure
POINT (-121.783427580554 37.247398787995),247,Silver Leaf Park,Park,,,,ESRI,2522010POS,<Null>,37.247393840000001,-121.78341451999999,09/14/2011 12:00:00 AM +0000,ISD - GIS,Not Determined,Leisure
POINT (-121.956916113849 37.403708894009),163,Lick Mill Park,Park,,,,ESRI,1682010POS,<Null>,37.403703950000001,-121.95690301,09/14/2011 12:00:00 AM +0000,ISD - GIS,Not Determined,Leisure
POINT (-121.849303178154 37.25416806043),221,Playa del Rey Park,Park,,,,ESRI,2262010POS,<Null>,37.254163120000001,-121.84929011,09/14/2011 12:00:00 AM +0000,ISD - GIS,Not Determined,Leisure
POINT (-121.913071679026 37.442671976025),137,Hall Memorial Park,Park,,,,ESRI,1422010POS,<Null>,37.442667020000002,-121.91305858,09/14/2011 12:00:00 AM +0000,ISD - GIS,Not Determined,Leisure
POINT (-121.976015160741 37.369410419544),60,Bracher Park,Park,,,,ESRI,652010POS,<Null>,37.369405479999998,-121.97600206,09/14/2011 12:00:00 AM +0000,ISD - GIS,Not Determined,Leisure
POINT (-121.988954292449 37.330518794168),176,Maywood Park,Park,,,,ESRI,1812010POS,<Null>,37.330513860000003,-121.98894119000001,09/14/2011 12:00:00 AM +0000,ISD - GIS,Not Determined,Leisure
POINT (-121.867525420079 37.42784343465),50,Ben Rogers Park,Park,,,,ESRI,552010POS,<Null>,37.427838479999998,-121.86751233,09/14/2011 12:00:00 AM +0000,ISD - GIS,Not Determined,Leisure
POINT (-121.933656329981 37.264198449551),71,Camden Park,Park,,,,ESRI,762010POS,<Null>,37.264193509999998,-121.93364325,09/14/2011 12:00:00 AM +0000,ISD - GIS,Not Determined,Leisure
POINT (-121.793595268064 37.296350969386),246,Silver Creek Linear Park,Park,,,,ESRI,2512010POS,<Null>,37.296346020000001,-121.7935822,09/14/2011 12:00:00 AM +0000,ISD - GIS,Not Determined,Leisure
POINT (-121.229647022763 37.044927011491),33,Pacheco State Park,Park,,,,SCC-Plannning,352011POS,<Null>,37.044922049999997,-121.22963407,09/14/2011 12:00:00 AM +0000,ISD - GIS,Yes,Leisure
POINT (-122.062678594594 37.3258080324),265,Varian Park,Park,,,,ESRI,2702010POS,<Null>,37.325803100000002,-122.06266548000001,09/14/2011 12:00:00 AM +0000,ISD - GIS,Not Determined,Leisure
POINT (-121.881166769599 37.39647869469),65,Brooktree Park,Park,,,,ESRI,702010POS,<Null>,37.396473739999998,-121.88115368,09/14/2011 12:00:00 AM +0000,ISD - GIS,Not Determined,Leisure
POINT (-122.042918246215 37.391541267492),111,Encinal Park,Park,,,,ESRI,1162010POS,<Null>,37.391536330000001,-122.04290512999999,09/14/2011 12:00:00 AM +0000,ISD - GIS,Not Determined,Leisure
POINT (-122.007344985683 37.361753971169),222,Ponderosa Park,Park,,,,ESRI,2272010POS,<Null>,37.361749029999999,-122.00733188,09/14/2011 12:00:00 AM +0000,ISD - GIS,Not Determined,Leisure
POINT (-121.944595462468 37.354855175765),158,Lafayette Park,Park,,,,ESRI,1632010POS,<Null>,37.354850229999997,-121.94458237000001,09/14/2011 12:00:00 AM +0000,ISD - GIS,Not Determined,Leisure
POINT (-121.890012950782 37.271304643377),215,Paul Moore Park,Park,,,,ESRI,2202010POS,<Null>,37.2712997,-121.88999987,09/14/2011 12:00:00 AM +0000,ISD - GIS,Not Determined,Leisure
POINT (-122.16291680616 37.446263035397),124,Gogswell Park,Park,,,,ESRI,1292010POS,<Null>,37.446258100000001,-122.16290367000001,09/14/2011 12:00:00 AM +0000,ISD - GIS,Not Determined,Leisure
POINT (-121.623366222395 37.095375109465),28,Silveira Property County Park,Park,,,,SCCPRD,282011POS,<Null>,37.095370170000002,-121.6233532,09/14/2011 12:00:00 AM +0000,ISD - GIS,YES,Leisure
POINT (-121.851981031911 37.344285985321),286,Zolezzi Park,Park,,,,ESRI,2912010POS,<Null>,37.344281039999998,-121.85196795,09/14/2011 12:00:00 AM +0000,ISD - GIS,Not Determined,Leisure
POINT (-121.870918395238 37.221605996424),214,Parma Park,Park,,,,ESRI,2192010POS,<Null>,37.221601059999998,-121.87090533,09/14/2011 12:00:00 AM +0000,ISD - GIS,Not Determined,Leisure
POINT (-121.870376019242 37.238135456545),43,Almaden Lake Park,Park,,,,ESRI,482010POS,<Null>,37.238130519999999,-121.87036295,09/14/2011 12:00:00 AM +0000,ISD - GIS,Not Determined,Leisure
POINT (-122.109596448576 37.425991447491),227,Ramos Park,Park,,,,ESRI,2322010POS,<Null>,37.425986510000001,-122.10958332,09/14/2011 12:00:00 AM +0000,ISD - GIS,Not Determined,Leisure
POINT (-121.864159709139 37.325469039627),139,Happy Hollow Park,Park,,,,ESRI,1442010POS,<Null>,37.325464089999997,-121.86414662999999,09/14/2011 12:00:00 AM +0000,ISD - GIS,Not Determined,Leisure
POINT (-122.024934455992 37.302459292319),70,Calabazas Park,Park,,,,ESRI,752010POS,<Null>,37.302454359999999,-122.02492135,09/14/2011 12:00:00 AM +0000,ISD - GIS,Not Determined,Leisure
POINT (-121.697324869916 37.008144010261),11,Mt. Madonna County Park,Park,,,,SCCPRD,112011POS,<Null>,37.008139079999999,-121.69731185000001,09/14/2011 12:00:00 AM +0000,ISD - GIS,YES,Leisure
POINT (-121.582805652696 37.021896541588),184,Miller Park,Park,,,,ESRI,1892010POS,<Null>,37.021891599999996,-121.58279265,09/14/2011 12:00:00 AM +0000,ISD - GIS,Not Determined,Leisure
POINT (-121.909298204183 37.344141466655),134,Guadalupe River Park,Park,,,,ESRI,1392010POS,<Null>,37.344136519999999,-121.90928511,09/14/2011 12:00:00 AM +0000,ISD - GIS,Not Determined,Leisure
POINT (-121.94251454018 37.341942123705),35,Washington Park,Park,,,,ESRI,402010POS,<Null>,37.341937180000002,-121.94250144999999,09/14/2011 12:00:00 AM +0000,ISD - GIS,Not Determined,Leisure
POINT (-122.090158353837 37.40134433981),230,Rex Manor Park,Park,,,,ESRI,2352010POS,<Null>,37.401339399999998,-122.09014523,09/14/2011 12:00:00 AM +0000,ISD - GIS,Not Determined,Leisure
POINT (-121.835079584862 37.211549820133),77,Carrabelle Park,Park,,,,ESRI,822010POS,<Null>,37.211544879999998,-121.83506652,09/14/2011 12:00:00 AM +0000,ISD - GIS,Not Determined,Leisure
POINT (-121.956367468977 37.28146960021),153,John D Morgan Park,Park,,,,ESRI,1582010POS,<Null>,37.281464659999997,-121.95635437999999,09/14/2011 12:00:00 AM +0000,ISD - GIS,Not Determined,Leisure
POINT (-121.889352267164 37.290130455345),164,Lincoln Glen Park,Park,,,,ESRI,1692010POS,<Null>,37.290125510000003,-121.88933919,09/14/2011 12:00:00 AM +0000,ISD - GIS,Not Determined,Leisure
POINT (-122.000297650574 37.331111605795),278,Westwood Oak Park,Park,,,,ESRI,2832010POS,<Null>,37.331106669999997,-122.00028455,09/14/2011 12:00:00 AM +0000,ISD - GIS,Not Determined,Leisure
POINT (-121.954494721742 37.245245072094),167,Live Oak Manor Park,Park,,,,ESRI,1722010POS,<Null>,37.24524014,-121.95448164,09/14/2011 12:00:00 AM +0000,ISD - GIS,Not Determined,Leisure
POINT (-121.767417244621 37.298216357324),114,Evergreen Park,Park,,,,ESRI,1192010POS,<Null>,37.29821141,-121.76740418,09/14/2011 12:00:00 AM +0000,ISD - GIS,Not Determined,Leisure
POINT (-122.020510920473 37.326009752798),223,Portal Park,Park,,,,ESRI,2282010POS,<Null>,37.326004820000001,-122.02049782,09/14/2011 12:00:00 AM +0000,ISD - GIS,Not Determined,Leisure
POINT (-122.116706845707 37.408153451164),188,Monroe Mini Park,Park,,,,ESRI,1932010POS,<Null>,37.408148519999997,-122.11669372,09/14/2011 12:00:00 AM +0000,ISD - GIS,Not Determined,Leisure
POINT (-122.059077272975 37.331366815285),252,Somerset Square Park,Park,,,,ESRI,2572010POS,<Null>,37.331361880000003,-122.05906416000001,09/14/2011 12:00:00 AM +0000,ISD - GIS,Not Determined,Leisure
POINT (-121.861449642478 37.45758973538),5,Ed R. Levin County Park,Park,,,,SCCPRD,52011POS,<Null>,37.457584779999998,-121.86143654999999,09/14/2011 12:00:00 AM +0000,ISD - GIS,YES,Leisure
POINT (-122.063134653145 37.381654525577),257,Sylvan Park,Park,,,,ESRI,2622010POS,<Null>,37.381649590000002,-122.06312154,09/14/2011 12:00:00 AM +0000,ISD - GIS,Not Determined,Leisure
POINT (-121.854824771595 37.36453931099),206,Overfelt Gardens Park,Park,,,,ESRI,2112010POS,<Null>,37.36453436,-121.85481169000001,09/14/2011 12:00:00 AM +0000,ISD - GIS,Not Determined,Leisure
POINT (-122.026370471819 37.381893968341),171,Martin Murphy Jr Park,Park,,,,ESRI,1762010POS,<Null>,37.381889030000004,-122.02635736000001,09/14/2011 12:00:00 AM +0000,ISD - GIS,Not Determined,Leisure
POINT (-121.999108760502 37.302904207882),197,Murdock Park,Park,,,,ESRI,2022010POS,<Null>,37.302899269999998,-121.99909565999999,09/14/2011 12:00:00 AM +0000,ISD - GIS,Not Determined,Leisure
POINT (-121.882729623935 37.380930026519),264,Townsend Park,Park,,,,ESRI,2692010POS,<Null>,37.380925079999997,-121.88271653,09/14/2011 12:00:00 AM +0000,ISD - GIS,Not Determined,Leisure
POINT (-122.061927325368 37.393102353199),250,Slater School Park,Park,,,,ESRI,2552010POS,<Null>,37.393097419999997,-122.06191421,09/14/2011 12:00:00 AM +0000,ISD - GIS,Not Determined,Leisure
POINT (-121.727104853599 37.219046165663),18,Field Sports Park County Park,Park,,,,SCCPRD,182011POS,<Null>,37.219041220000001,-121.72709181,09/14/2011 12:00:00 AM +0000,ISD - GIS,YES,Leisure
POINT (-121.592465926089 37.002205112753),27,Uvas Creek Park Preserve County Park,Park,,,,SCCPRD,272011POS,<Null>,37.002200180000003,-121.59245292,09/14/2011 12:00:00 AM +0000,ISD - GIS,YES,Leisure
POINT (-122.007935550244 37.300864356922),225,Rainbow Park,Park,,,,ESRI,2302010POS,<Null>,37.300859420000002,-122.00792245,09/14/2011 12:00:00 AM +0000,ISD - GIS,Not Determined,Leisure
POINT (-121.902956372359 37.273034374676),156,Kirk Park,Park,,,,ESRI,1612010POS,<Null>,37.273029440000002,-121.90294329,09/14/2011 12:00:00 AM +0000,ISD - GIS,Not Determined,Leisure
POINT (-121.896638116589 37.342086484466),235,Ryland Park,Park,,,,ESRI,2402010POS,<Null>,37.342081540000002,-121.89662503,09/14/2011 12:00:00 AM +0000,ISD - GIS,Not Determined,Leisure
POINT (-122.142312844305 37.45001174162),110,Eleanor Pardee Park,Park,,,,ESRI,1152010POS,<Null>,37.450006799999997,-122.14229971,09/14/2011 12:00:00 AM +0000,ISD - GIS,Not Determined,Leisure
POINT (-122.088468584105 37.275718798407),12,Stevens Creek County Park,Park,,,,SCCPRD,122011POS,<Null>,37.275713869999997,-122.08845547,09/14/2011 12:00:00 AM +0000,ISD - GIS,YES,Leisure
POINT (-122.020875088649 37.39437938156),84,Columbia Park,Park,,,,ESRI,892010POS,<Null>,37.39437444,-122.02086198000001,09/14/2011 12:00:00 AM +0000,ISD - GIS,Not Determined,Leisure
POINT (-121.82434712241 37.325833225583),276,Welch Park,Park,,,,ESRI,2812010POS,<Null>,37.325828280000003,-121.82433405,09/14/2011 12:00:00 AM +0000,ISD - GIS,Not Determined,Leisure
POINT (-122.060591451044 37.307537842117),166,Linda Vista Park,Park,,,,ESRI,1712010POS,<Null>,37.307532909999999,-122.06057834000001,09/14/2011 12:00:00 AM +0000,ISD - GIS,Not Determined,Leisure
POINT (-121.965840998829 37.244864258641),7,Vasona County Park,Park,,,,SCCPRD,72011POS,<Null>,37.244859329999997,-121.96582791,09/14/2011 12:00:00 AM +0000,ISD - GIS,YES,Leisure
POINT (-122.041636978818 37.37765007697),272,Washington City Park,Park,,,,ESRI,2772010POS,<Null>,37.377645139999998,-122.04162387,09/14/2011 12:00:00 AM +0000,ISD - GIS,Not Determined,Leisure
POINT (-122.105087425417 37.371636790307),89,Covington Mini Park,Park,,,,ESRI,942010POS,<Null>,37.371631860000001,-122.1050743,09/14/2011 12:00:00 AM +0000,ISD - GIS,Not Determined,Leisure
POINT (-121.895457551604 37.437726930082),217,Peter T Gill Park,Park,,,,ESRI,2222010POS,<Null>,37.437721979999999,-121.89544445,09/14/2011 12:00:00 AM +0000,ISD - GIS,Not Determined,Leisure
POINT (-122.069854316517 37.318463389674),190,Monta Vista Park,Park,,,,ESRI,1952010POS,<Null>,37.318458460000002,-122.06984121000001,09/14/2011 12:00:00 AM +0000,ISD - GIS,Not Determined,Leisure
POINT (-121.908181779117 37.345095351284),85,Columbus Park,Park,,,,ESRI,902010POS,<Null>,37.345090409999997,-121.90816869,09/14/2011 12:00:00 AM +0000,ISD - GIS,Not Determined,Leisure
POINT (-121.938789800138 37.286567309533),73,Campbell Park,Park,,,,ESRI,782010POS,<Null>,37.286562369999999,-121.93877671,09/14/2011 12:00:00 AM +0000,ISD - GIS,Not Determined,Leisure
POINT (-122.006058643559 37.344080205917),228,Raynor Park,Park,,,,ESRI,2332010POS,<Null>,37.344075269999998,-122.00604554,09/14/2011 12:00:00 AM +0000,ISD - GIS,Not Determined,Leisure
POINT (-121.941168533144 37.366715913918),183,Memorial Cross Park,Park,,,,ESRI,1882010POS,<Null>,37.36671097,-121.94115544,09/14/2011 12:00:00 AM +0000,ISD - GIS,Not Determined,Leisure
POINT (-121.648565167825 37.114032332568),39,Community Park,Park,,,,ESRI,442010POS,<Null>,37.114027389999997,-121.64855214000001,09/14/2011 12:00:00 AM +0000,ISD - GIS,Not Determined,Leisure
POINT (-121.812704028014 37.295710181838),226,Ramblewood Park,Park,,,,ESRI,2312010POS,<Null>,37.295705230000003,-121.81269096,09/14/2011 12:00:00 AM +0000,ISD - GIS,Not Determined,Leisure
POINT (-122.118073889879 37.435024221023),243,Seale Park,Park,,,,ESRI,2482010POS,<Null>,37.435019279999999,-122.11806076000001,09/14/2011 12:00:00 AM +0000,ISD - GIS,Not Determined,Leisure
POINT (-122.143624362429 37.444114785672),231,Rinconada Park,Park,,,,ESRI,2362010POS,<Null>,37.444109849999997,-122.14361123,09/14/2011 12:00:00 AM +0000,ISD - GIS,Not Determined,Leisure
POINT (-122.083240167528 37.342018693387),192,Montclair Park,Park,,,,ESRI,1972010POS,<Null>,37.34201376,-122.08322705,09/14/2011 12:00:00 AM +0000,ISD - GIS,Not Determined,Leisure
POINT (-121.854867028944 37.278389704686),273,Waterford Park,Park,,,,ESRI,2782010POS,<Null>,37.278384760000002,-121.85485396,09/14/2011 12:00:00 AM +0000,ISD - GIS,Not Determined,Leisure
POINT (-121.995497931202 37.413992616667),31,Sunnyvale Baylands County Park,Park,,,,SCCPRD,312011POS,<Null>,37.413987669999997,-121.99548482,09/14/2011 12:00:00 AM +0000,ISD - GIS,YES,Leisure
POINT (-121.902320882236 37.444973247259),256,Strickroth Park,Park,,,,ESRI,2612010POS,<Null>,37.444968289999998,-121.90230778,09/14/2011 12:00:00 AM +0000,ISD - GIS,Not Determined,Leisure
POINT (-121.84781010726 37.390646527303),6,Penitencia Creek County Park,Park,,,,SCCPRD,62011POS,<Null>,37.39064157,-121.84779702,09/14/2011 12:00:00 AM +0000,ISD - GIS,YES,Leisure
POINT (-121.956575568149 37.333361261047),45,Alvarez Park,Park,,,,ESRI,502010POS,<Null>,37.33335632,-121.95656246999999,09/14/2011 12:00:00 AM +0000,ISD - GIS,Not Determined,Leisure
POINT (-122.063133625407 37.31425539426),177,McClellan Ranch Park,Park,,,,ESRI,1822010POS,<Null>,37.314250459999997,-122.06312052,09/14/2011 12:00:00 AM +0000,ISD - GIS,Not Determined,Leisure
POINT (-121.960369138465 37.336266630858),141,Henery Schmidt Park,Park,,,,ESRI,1462010POS,<Null>,37.336261690000001,-121.96035603999999,09/14/2011 12:00:00 AM +0000,ISD - GIS,Not Determined,Leisure
POINT (-122.117742119507 37.375272550751),245,Shoup Park,Park,,,,ESRI,2502010POS,<Null>,37.375267620000002,-122.117729,09/14/2011 12:00:00 AM +0000,ISD - GIS,Not Determined,Leisure
POINT (-121.911025221085 37.245687932175),169,Lone Hill Park,Park,,,,ESRI,1742010POS,<Null>,37.245683,-121.91101214,09/14/2011 12:00:00 AM +0000,ISD - GIS,Not Determined,Leisure
POINT (-121.89988796364 37.294076678873),280,Wilcox Park,Park,,,,ESRI,2852010POS,<Null>,37.29407174,-121.89987488,09/14/2011 12:00:00 AM +0000,ISD - GIS,Not Determined,Leisure
POINT (-121.968797603097 37.425234045987),46,Alviso Park,Park,,,,ESRI,512010POS,<Null>,37.425229100000003,-121.9687845,09/14/2011 12:00:00 AM +0000,ISD - GIS,Not Determined,Leisure
POINT (-121.992851497126 37.309247340672),135,Gullo Park,Park,,,,ESRI,1402010POS,<Null>,37.309242410000003,-121.9928384,09/14/2011 12:00:00 AM +0000,ISD - GIS,Not Determined,Leisure
POINT (-121.906787499083 37.253219263184),62,Branham Lane Park,Park,,,,ESRI,672010POS,<Null>,37.253214329999999,-121.90677442,09/14/2011 12:00:00 AM +0000,ISD - GIS,Not Determined,Leisure
POINT (-121.783134300195 37.172239476184),29,Calero County Park,Park,,,,SCCPRD,292011POS,<Null>,37.172234539999998,-121.78312124999999,09/14/2011 12:00:00 AM +0000,ISD - GIS,YES,Leisure
POINT (-122.154174527835 37.420023342404),277,Werry Park,Park,,,,ESRI,2822010POS,<Null>,37.420018409999997,-122.15416139,09/14/2011 12:00:00 AM +0000,ISD - GIS,Not Determined,Leisure
POINT (-122.12881515836 37.430281835752),148,Hoover Park,Park,,,,ESRI,1532010POS,<Null>,37.430276900000003,-122.12880203,09/14/2011 12:00:00 AM +0000,ISD - GIS,Not Determined,Leisure
POINT (-121.84538589899 37.201390639521),81,Cathedral Park,Park,,,,ESRI,862010POS,<Null>,37.201385700000003,-121.84537283,09/14/2011 12:00:00 AM +0000,ISD - GIS,Not Determined,Leisure
POINT (-121.837768833865 37.269024012886),212,Parkview Park Three,Park,,,,ESRI,2172010POS,<Null>,37.269019069999999,-121.83775575999999,09/14/2011 12:00:00 AM +0000,ISD - GIS,Not Determined,Leisure
POINT (-121.976507991706 37.341345386124),36,Central Park,Park,,,,ESRI,412010POS,<Null>,37.341340449999997,-121.97649489,09/14/2011 12:00:00 AM +0000,ISD - GIS,Not Determined,Leisure
POINT (-121.87068739715 37.402055270992),80,Cataldi Park,Park,,,,ESRI,852010POS,<Null>,37.402050320000001,-121.87067431,09/14/2011 12:00:00 AM +0000,ISD - GIS,Not Determined,Leisure
POINT (-121.801157733667 37.397773872207),289,Alum Rock Park,Park,,,,ESRI,3102010POS,<Null>,37.397768919999997,-121.80114465,09/14/2011 12:00:00 AM +0000,ISD - GIS,Not Determined,Leisure
POINT (-122.043891078955 37.325848206926),38,Memorial Park,Park,,,,ESRI,432010POS,<Null>,37.32584327,-122.04387797,09/14/2011 12:00:00 AM +0000,ISD - GIS,Not Determined,Leisure
POINT (-121.863653762952 37.335545881303),172,Martin Park,Park,,,,ESRI,1772010POS,<Null>,37.335540930000001,-121.86364068,09/14/2011 12:00:00 AM +0000,ISD - GIS,Not Determined,Leisure
POINT (-122.087920161739 37.330829029874),21,Rancho San Antonio County Park,Park,,,,SCCPRD,212011POS,<Null>,37.330824100000001,-122.08790705,09/14/2011 12:00:00 AM +0000,ISD - GIS,YES,Leisure
POINT (-121.811188682959 37.280402108303),26,Hellyer County Park,Park,,,,SCCPRD,262011POS,<Null>,37.28039716,-121.81117562,09/14/2011 12:00:00 AM +0000,ISD - GIS,YES,Leisure
POINT (-121.978917000615 37.430434163335),16,Alviso Marina County Park,Park,,,,SCCPRD,162011POS,<Null>,37.430429220000001,-121.97890389,09/14/2011 12:00:00 AM +0000,ISD - GIS,YES,Leisure
POINT (-121.797724070623 37.315712725123),40,Aborn Park,Park,,,,ESRI,452010POS,<Null>,37.315707770000003,-121.79771100000001,09/14/2011 12:00:00 AM +0000,ISD - GIS,Not Determined,Leisure
POINT (-121.823839953883 37.272893012107),95,Danna Rock Park,Park,,,,ESRI,1002010POS,<Null>,37.27288807,-121.82382689000001,09/14/2011 12:00:00 AM +0000,ISD - GIS,Not Determined,Leisure
POINT (-121.944719835294 37.347505006903),37,City Park,Park,,,,ESRI,422010POS,<Null>,37.347500060000002,-121.94470674,09/14/2011 12:00:00 AM +0000,ISD - GIS,Not Determined,Leisure
POINT (-121.84644157182 37.340705794402),224,Prusch Park,Park,,,,ESRI,2292010POS,<Null>,37.340700849999998,-121.84642848999999,09/14/2011 12:00:00 AM +0000,ISD - GIS,Not Determined,Leisure
POINT (-121.688650053927 37.181634452681),24,Coyote Creek Parkway County Park - South,Park,,,,SCCPRD,242011POS,<Null>,37.18162951,-121.68863702,09/14/2011 12:00:00 AM +0000,ISD - GIS,YES,Leisure
POINT (-122.079593258775 37.352748241394),174,Marymead Park,Park,,,,ESRI,1792010POS,<Null>,37.352743310000001,-122.07958014,09/14/2011 12:00:00 AM +0000,ISD - GIS,Not Determined,Leisure
POINT (-121.660837630698 37.128505652886),121,Galvin Park,Park,,,,ESRI,1262010POS,<Null>,37.128500709999997,-121.6608246,09/14/2011 12:00:00 AM +0000,ISD - GIS,Not Determined,Leisure
POINT (-121.756917328365 37.302387612902),193,Montgomery Hill Park,Park,,,,ESRI,1982010POS,<Null>,37.302382659999999,-121.75690427000001,09/14/2011 12:00:00 AM +0000,ISD - GIS,Not Determined,Leisure
POINT (-121.976157232096 37.266150279841),150,Jack Fischer Park,Park,,,,ESRI,1552010POS,<Null>,37.266145350000002,-121.97614414,09/14/2011 12:00:00 AM +0000,ISD - GIS,Not Determined,Leisure
POINT (-121.778501482658 37.336431654078),131,Groesbeck Hill Park,Park,,,,ESRI,1362010POS,<Null>,37.336426699999997,-121.77848840999999,09/14/2011 12:00:00 AM +0000,ISD - GIS,Not Determined,Leisure
POINT (-121.895227138671 37.319633675178),53,Biebrach Park,Park,,,,ESRI,582010POS,<Null>,37.319628729999998,-121.89521405000001,09/14/2011 12:00:00 AM +0000,ISD - GIS,Not Determined,Leisure
POINT (-121.909434818053 37.303689847032),283,Willow St Bramhall Park,Park,,,,ESRI,2882010POS,<Null>,37.303684910000001,-121.90942173000001,09/14/2011 12:00:00 AM +0000,ISD - GIS,Not Determined,Leisure
POINT (-121.916027285131 37.259952325937),67,Butcher Park,Park,,,,ESRI,722010POS,<Null>,37.259947390000001,-121.91601420000001,09/14/2011 12:00:00 AM +0000,ISD - GIS,Not Determined,Leisure
POINT (-121.849922769809 37.342468448415),207,P A L Sports Center,Park,,,,ESRI,2122010POS,<Null>,37.342463500000001,-121.84990969,09/14/2011 12:00:00 AM +0000,ISD - GIS,Not Determined,Leisure
POINT (-121.841312948744 37.394379657885),199,Noble Park,Park,,,,ESRI,2042010POS,<Null>,37.3943747,-121.84129986000001,09/14/2011 12:00:00 AM +0000,ISD - GIS,Not Determined,Leisure
POINT (-122.184795570543 37.351729454254),209,Palo Alto Foothills Park,Park,,,,ESRI,2142010POS,<Null>,37.351724529999998,-122.18478244000001,09/14/2011 12:00:00 AM +0000,ISD - GIS,Not Determined,Leisure
POINT (-122.022932553063 37.399399102295),204,Orchard Gardens Park,Park,,,,ESRI,2092010POS,<Null>,37.39939416,-122.02291944,09/14/2011 12:00:00 AM +0000,ISD - GIS,Not Determined,Leisure
POINT (-122.019836323093 37.288067232734),194,Morin Park,Park,,,,ESRI,1992010POS,<Null>,37.2880623,-122.01982322000001,09/14/2011 12:00:00 AM +0000,ISD - GIS,Not Determined,Leisure
POINT (-122.00720286424 37.283115844587),64,Brookglen Park,Park,,,,ESRI,692010POS,<Null>,37.283110909999998,-122.00718977,09/14/2011 12:00:00 AM +0000,ISD - GIS,Not Determined,Leisure
POINT (-121.851328011991 37.206117517927),123,Glenview Park,Park,,,,ESRI,1282010POS,<Null>,37.206112580000003,-121.85131495,09/14/2011 12:00:00 AM +0000,ISD - GIS,Not Determined,Leisure
POINT (-121.794383748233 37.237786635703),100,Doctor George Page Park,Park,,,,ESRI,1052010POS,<Null>,37.237781689999998,-121.79437068999999,09/14/2011 12:00:00 AM +0000,ISD - GIS,Not Determined,Leisure
POINT (-121.875260813441 37.26824653043),263,Thousand Oaks Park,Park,,,,ESRI,2682010POS,<Null>,37.268241590000002,-121.87524774000001,09/14/2011 12:00:00 AM +0000,ISD - GIS,Not Determined,Leisure
POINT (-121.891710487283 37.243562365927),96,De Anza Park,Park,,,,ESRI,1012010POS,<Null>,37.243557430000003,-121.89169741000001,09/14/2011 12:00:00 AM +0000,ISD - GIS,Not Determined,Leisure
POINT (-121.564776139887 37.006651066107),119,Forest Street Park,Park,,,,ESRI,1242010POS,<Null>,37.00664613,-121.56476314,09/14/2011 12:00:00 AM +0000,ISD - GIS,Not Determined,Leisure
POINT (-122.142862046045 37.425798267708),269,Wallis Park,Park,,,,ESRI,2742010POS,<Null>,37.425793329999998,-122.14284891,09/14/2011 12:00:00 AM +0000,ISD - GIS,Not Determined,Leisure
POINT (-121.818723490077 37.25941427003),82,Chynoweth Park,Park,,,,ESRI,872010POS,<Null>,37.259409329999997,-121.81871042,09/14/2011 12:00:00 AM +0000,ISD - GIS,Not Determined,Leisure
POINT (-121.759156717904 37.243583648177),49,Basking Ridge Park,Park,,,,ESRI,542010POS,<Null>,37.2435787,-121.75914366000001,09/14/2011 12:00:00 AM +0000,ISD - GIS,Not Determined,Leisure
POINT (-122.025500001686 37.342150140347),205,Ortega Park,Park,,,,ESRI,2102010POS,<Null>,37.342145199999997,-122.0254869,09/14/2011 12:00:00 AM +0000,ISD - GIS,Not Determined,Leisure
POINT (-121.884335581671 37.221773991768),44,Almaden Meadows Park,Park,,,,ESRI,492010POS,<Null>,37.22176906,-121.88432251,09/14/2011 12:00:00 AM +0000,ISD - GIS,Not Determined,Leisure
POINT (-122.093927410806 37.394093274412),79,Castro School Park,Park,,,,ESRI,842010POS,<Null>,37.394088340000003,-122.09391429,09/14/2011 12:00:00 AM +0000,ISD - GIS,Not Determined,Leisure
POINT (-121.884443004158 37.35225726229),48,Backesto Park,Park,,,,ESRI,532010POS,<Null>,37.352252319999998,-121.88442992,09/14/2011 12:00:00 AM +0000,ISD - GIS,Not Determined,Leisure
POINT (-121.83976117663 37.262529754708),30,Martial Cottle County Park,Park,,,,SCCPRD,302011POS,<Null>,37.262524810000002,-121.83974811,09/14/2011 12:00:00 AM +0000,ISD - GIS,YES,Leisure
POINT (-121.780247362564 37.314250427021),259,Tapestry Park,Park,,,,ESRI,2642010POS,<Null>,37.314245479999997,-121.7802343,09/14/2011 12:00:00 AM +0000,ISD - GIS,Not Determined,Leisure
POINT (-121.88420761847 37.441627996095),76,Cardoza Park,Park,,,,ESRI,812010POS,<Null>,37.441623040000003,-121.88419451999999,09/14/2011 12:00:00 AM +0000,ISD - GIS,Not Determined,Leisure
POINT (-121.964246960165 37.356758866642),271,Warburton Park,Park,,,,ESRI,2762010POS,<Null>,37.356753920000003,-121.96423385999999,09/14/2011 12:00:00 AM +0000,ISD - GIS,Not Determined,Leisure
POINT (-121.585280215274 37.005858035738),109,El Roble Park,Park,,,,ESRI,1142010POS,<Null>,37.005853100000003,-121.58526721,09/14/2011 12:00:00 AM +0000,ISD - GIS,Not Determined,Leisure
POINT (-122.16780200275 37.444755588924),107,El Camino Park,Park,,,,ESRI,1122010POS,<Null>,37.444750650000003,-122.16778886,09/14/2011 12:00:00 AM +0000,ISD - GIS,Not Determined,Leisure
POINT (-122.083221130667 37.389610174912),219,Pioneer Memorial Park,Park,,,,ESRI,2242010POS,<Null>,37.389605240000002,-122.08320801000001,09/14/2011 12:00:00 AM +0000,ISD - GIS,Not Determined,Leisure
POINT (-121.844894513124 37.351049647146),175,Mayfair Park,Park,,,,ESRI,1802010POS,<Null>,37.351044700000003,-121.84488143,09/14/2011 12:00:00 AM +0000,ISD - GIS,Not Determined,Leisure
POINT (-122.08394089117 37.230268502383),1,Sanborn County Park,Park,,,,SCCPRD,12011POS,<Null>,37.230263579999999,-122.08392779,09/14/2011 12:00:00 AM +0000,ISD - GIS,YES,Leisure
POINT (-121.892488515834 37.376858877805),201,North Coyote Park,Park,,,,ESRI,2062010POS,<Null>,37.376853930000003,-121.89247543,09/14/2011 12:00:00 AM +0000,ISD - GIS,Not Determined,Leisure
POINT (-121.810496145772 37.356383873696),195,Mount Pleasant Park,Park,,,,ESRI,2002010POS,<Null>,37.356378919999997,-121.81048307,09/14/2011 12:00:00 AM +0000,ISD - GIS,Not Determined,Leisure
POINT (-121.880955900276 37.422752818484),92,Creighton Park,Park,,,,ESRI,972010POS,<Null>,37.422747860000001,-121.88094280999999,09/14/2011 12:00:00 AM +0000,ISD - GIS,Not Determined,Leisure
POINT (-121.787627136263 37.322187354775),288,Brigadoon Park,Park,,,,ESRI,2932010POS,<Null>,37.322182400000003,-121.78761407,09/14/2011 12:00:00 AM +0000,ISD - GIS,Not Determined,Leisure
POINT (-121.877294361792 37.285098378422),74,Canoas Park,Park,,,,ESRI,792010POS,<Null>,37.285093439999997,-121.87728128000001,09/14/2011 12:00:00 AM +0000,ISD - GIS,Not Determined,Leisure
POINT (-121.915278744121 37.430745308615),254,Starlite Park,Park,,,,ESRI,2592010POS,<Null>,37.430740360000001,-121.91526564,09/14/2011 12:00:00 AM +0000,ISD - GIS,Not Determined,Leisure
POINT (-121.944887586269 37.388219776211),191,Montague Park,Park,,,,ESRI,1962010POS,<Null>,37.388214830000003,-121.94487449,09/14/2011 12:00:00 AM +0000,ISD - GIS,Not Determined,Leisure
POINT (-121.945057327606 37.317817326409),241,Santana Park,Park,,,,ESRI,2462010POS,<Null>,37.31781239,-121.94504424,09/14/2011 12:00:00 AM +0000,ISD - GIS,Not Determined,Leisure
POINT (-122.044226173857 37.344393632169),244,Serra Park,Park,,,,ESRI,2492010POS,<Null>,37.344388700000003,-122.04421306,09/14/2011 12:00:00 AM +0000,ISD - GIS,Not Determined,Leisure
POINT (-121.951241351396 37.350254593378),120,Fremont Park,Park,,,,ESRI,1252010POS,<Null>,37.350249650000002,-121.95122825,09/14/2011 12:00:00 AM +0000,ISD - GIS,Not Determined,Leisure
POINT (-121.874865598283 37.357802433741),274,Watson Park,Park,,,,ESRI,2792010POS,<Null>,37.357797490000003,-121.87485251,09/14/2011 12:00:00 AM +0000,ISD - GIS,Not Determined,Leisure
POINT (-122.119403857486 37.44291113166),130,Greer Park,Park,,,,ESRI,1352010POS,<Null>,37.442906190000002,-122.11939073000001,09/14/2011 12:00:00 AM +0000,ISD - GIS,Not Determined,Leisure
POINT (-122.081414353129 37.372234687075),94,Cuesta Park,Park,,,,ESRI,992010POS,<Null>,37.372229750000002,-122.08140123,09/14/2011 12:00:00 AM +0000,ISD - GIS,Not Determined,Leisure
POINT (-121.887503789023 37.301813488267),232,River Glen Park,Park,,,,ESRI,2372010POS,<Null>,37.301808549999997,-121.88749070999999,09/14/2011 12:00:00 AM +0000,ISD - GIS,Not Determined,Leisure
POINT (-121.83476272595 37.213315134714),248,Singer Park,Park,,,,ESRI,2532010POS,<Null>,37.213310200000002,-121.83474966,09/14/2011 12:00:00 AM +0000,ISD - GIS,Not Determined,Leisure
POINT (-121.838301011923 37.358556902917),168,Lo Bue Park,Park,,,,ESRI,1732010POS,<Null>,37.358551949999999,-121.83828793000001,09/14/2011 12:00:00 AM +0000,ISD - GIS,Not Determined,Leisure
POINT (-121.954985550042 37.356551744053),34,Rotary Park,Park,,,,ESRI,392010POS,<Null>,37.356546799999997,-121.95497245,09/14/2011 12:00:00 AM +0000,ISD - GIS,Not Determined,Leisure
POINT (-122.070381210488 37.34587740211),127,Grant Park,Park,,,,ESRI,1322010POS,<Null>,37.345872470000003,-122.0703681,09/14/2011 12:00:00 AM +0000,ISD - GIS,Not Determined,Leisure
POINT (-122.122314576345 37.415439230551),233,Robles Park,Park,,,,ESRI,2382010POS,<Null>,37.41543429,-122.12230144999999,09/14/2011 12:00:00 AM +0000,ISD - GIS,Not Determined,Leisure
POINT (-121.907300010614 37.34397219022),144,Heritage Rose Garden,Park,,,,ESRI,1492010POS,<Null>,37.343967249999999,-121.90728692,09/14/2011 12:00:00 AM +0000,ISD - GIS,Not Determined,Leisure
POINT (-122.014479950131 37.385514441962),115,Fair Oaks Park,Park,,,,ESRI,1202010POS,<Null>,37.385509499999998,-122.01446684,09/14/2011 12:00:00 AM +0000,ISD - GIS,Not Determined,Leisure
POINT (-121.853226060059 37.185905752634),4,Almaden Quicksilver County Park,Park,,,,SCCPRD,42011POS,<Null>,37.185900820000001,-121.853213,09/14/2011 12:00:00 AM +0000,ISD - GIS,YES,Leisure
POINT (-122.037574484659 37.301914874967),103,Three Oaks Park,Park,,,,ESRI,1082010POS,<Null>,37.301909940000002,-122.03756138,09/14/2011 12:00:00 AM +0000,ISD - GIS,Not Determined,Leisure
POINT (-121.808185299275 37.240675887854),208,Palmia Park,Park,,,,ESRI,2132010POS,<Null>,37.240670940000001,-121.80817224,09/14/2011 12:00:00 AM +0000,ISD - GIS,Not Determined,Leisure
POINT (-122.040498740768 37.31041309401),155,Jollyman Park,Park,,,,ESRI,1602010POS,<Null>,37.310408160000001,-122.04048564,09/14/2011 12:00:00 AM +0000,ISD - GIS,Not Determined,Leisure
POINT (-121.875422542831 37.423732370731),285,Yellowstone Park,Park,,,,ESRI,2902010POS,<Null>,37.423727419999999,-121.87540945000001,09/14/2011 12:00:00 AM +0000,ISD - GIS,Not Determined,Leisure
POINT (-122.070207748653 37.387456644418),161,Landels School Park,Park,,,,ESRI,1662010POS,<Null>,37.387451710000001,-122.07019463,09/14/2011 12:00:00 AM +0000,ISD - GIS,Not Determined,Leisure
POINT (-122.00365381503 37.326563812544),152,Jenny Strand Park,Park,,,,ESRI,1572010POS,<Null>,37.32655888,-122.00364071,09/14/2011 12:00:00 AM +0000,ISD - GIS,Not Determined,Leisure
POINT (-121.550209079252 37.096008968389),10,Coyote Lake-Harvey Bear Ranch County Park,Park,,,,SCCPRD,102011POS,<Null>,37.096004020000002,-121.55019607,09/14/2011 12:00:00 AM +0000,ISD - GIS,YES,Leisure
POINT (-122.038090816796 37.364503032854),162,Las Palmas Park,Park,,,,ESRI,1672010POS,<Null>,37.364498099999999,-122.03807771,09/14/2011 12:00:00 AM +0000,ISD - GIS,Not Determined,Leisure
POINT (-121.982216887697 37.336030306945),147,Homeridge Park,Park,,,,ESRI,1522010POS,<Null>,37.336025370000002,-121.98220379,09/14/2011 12:00:00 AM +0000,ISD - GIS,Not Determined,Leisure
POINT (-121.896843868797 37.458410790924),145,Higuera Adobe Park,Park,,,,ESRI,1502010POS,<Null>,37.458405839999998,-121.89683076999999,09/14/2011 12:00:00 AM +0000,ISD - GIS,Not Determined,Leisure
POINT (-121.626588727659 37.135898805279),200,Nordstrom Park,Park,,,,ESRI,2052010POS,<Null>,37.135893860000003,-121.6265757,09/14/2011 12:00:00 AM +0000,ISD - GIS,Not Determined,Leisure
POINT (-121.895787872862 37.287444568507),268,Wallenberg Park,Park,,,,ESRI,2732010POS,<Null>,37.287439630000002,-121.89577479,09/14/2011 12:00:00 AM +0000,ISD - GIS,Not Determined,Leisure
POINT (-121.851059499086 37.246283445563),69,Cahalan Park,Park,,,,ESRI,742010POS,<Null>,37.246278500000003,-121.85104643,09/14/2011 12:00:00 AM +0000,ISD - GIS,Not Determined,Leisure
